{"initial_reset_timestamp": 1648047426.7539284, "timestamps": [1648047427.6877189], "episode_lengths": [465], "episode_rewards": [5.0], "episode_types": ["t"]}