{"initial_reset_timestamp": 1647415371.1518836, "timestamps": [1647415371.9011605], "episode_lengths": [67], "episode_rewards": [1.0], "episode_types": ["t"]}